Total Points,Max Abs Error,Max Residual,Max Boundary Residual
0,0.9989726963751682,18.722009387325375,1.224492650006063e-16
1,0.9989742011174078,18.72205030185623,1.1747786753279518e-05
2,0.9989773282066085,18.722126468693087,2.5219494715327647e-05
3,0.9989790749045745,18.72216835853161,2.4473783248303127e-05
4,0.9989822817654086,18.722145318090266,2.4475342005628985e-05
5,0.9989867430850129,18.72228227314734,4.2017380880384396e-05
6,0.5352573449104601,10.56766785553467,0.04872704033912413
7,0.5227922275141219,11.540630537994806,0.08583066621430736
8,0.517905846361959,11.574603297981133,0.09361173380506675
9,0.518121956167316,11.516929706426307,0.09817266960793421
10,0.5001675414791611,12.479258153461497,0.09692653300563928
11,0.4434194447184159,11.832286889943598,0.08893174442712981
12,0.44200757255606427,11.78611474807852,0.08898259944470487
13,0.4425029949318622,14.143889820338412,0.16617507490325495
14,0.4523787158890842,16.63815900806589,0.2164740438392855
15,0.46259923853059853,21.68152244349434,0.2321482976260814
16,0.38593335247512367,20.96495602438351,0.23690938881769094
17,0.2695140538937657,1.294750683123132,0.26960678848843533
18,0.2697501479179035,1.2219780264999631,0.2698047692365798
19,0.26974768937083465,1.4633754534751713,0.2697694850895642
20,0.2997282077657258,3.5584160772193,0.29981684138674447
21,0.29849257861931816,4.128565446815958,0.2984783646804475
22,0.29849561618190346,4.123492727578612,0.29848964934814026
23,0.29941378302026367,4.113451279124865,0.29944836919660445
24,0.29063711294317796,4.534674390188691,0.29067392901418904
25,0.2750815589194643,4.071873824184493,0.2751498584618751
26,0.27557317481737587,4.23759793019055,0.2755584808493148
27,0.2724208861924846,3.0726978886531313,0.27245865070585795
28,0.2763676518878838,2.9892906807382538,0.27640119687297493
29,0.275822698613567,3.619089297233022,0.2758283285017936
30,0.28447727669319106,3.874378949698743,0.2844563475080747
31,0.28379104780606046,4.854479902939294,0.28379785818021486
32,0.0619057794493742,5.521948063591512,0.06192566138690009
33,0.011587259167163633,1.0915325296114347,0.008064940524828729
34,0.012886547196852227,1.2625408368731756,0.008192347044628942
35,0.014671480907108125,1.5847981874019172,0.01466843238993143
36,0.016487981811657004,1.6062948418845302,0.016494120382357397
37,0.016989677746420573,1.604264988539252,0.016988853610921104
38,0.015787939418704572,1.6694983108041797,0.015787452060408103
39,0.01512684808822401,1.5313491633914165,0.015132294144951652
40,0.015014242384102927,1.539121855648749,0.015019152669794977
41,0.01605803265257494,1.5511642944808228,0.0160669113075812
42,0.01605182985320014,1.522037401591703,0.015121479022327425
43,0.014719129115426888,1.2506039892760379,0.014738041335867591
44,0.015546686755131267,1.2547349078241714,0.015585031955348161
45,0.011324001575424208,0.9494640938045702,0.01135219290527531
46,0.010752207821594029,0.9548840911543788,0.010757350935843957
47,0.01023181032371595,0.9615412242876982,0.010244166937721344
48,0.010890440360077679,0.9365816502078977,0.01090834817061799
49,0.011234564922658898,0.9694424020587217,0.011249920648523246
50,0.010848956480473253,0.986488418758463,0.010868384626367541
51,0.013376525715176809,1.275126466159782,0.013378761840050699
52,0.01196172295860587,1.245954551367098,0.011866176246257647
53,0.010960725907565166,0.2895668688895828,0.010964342951171657
54,0.011075886483378955,0.28401890304442745,0.011077594067692126
55,0.010951939119652893,0.24484428333967875,0.010953806946844724
56,0.011581888630036024,0.3079210513060857,0.011594705717587292
57,0.011925323959895083,0.29635166924646594,0.011922166000407342
58,0.011955946104018915,0.2953846235912285,0.011952265101985899
59,0.011700511918318317,0.22561426303710067,0.011728011545014391
60,0.014805079943805154,0.3952014805554443,0.01481211369071143
61,0.014875345114985321,0.3947185731228448,0.014882631310899685
62,0.01427283250628809,0.37778017239516465,0.014280190605333181
63,0.014194337248944488,0.3784761558792456,0.014201033707016014
64,0.001367639293115713,0.31784437103089547,0.0013706283055499454
65,0.0016363746152510514,0.41440694731929495,0.0016418467960885726
66,0.001632332280252596,0.41468979295438463,0.0016363542371461844
67,0.0015552895401133027,0.4300732255876364,0.0015613962036776785
68,0.0012847675960168115,0.41700915261454463,0.0012897823880652082
69,0.0012821979045319898,0.41813343068800857,0.0012874192899173797
70,0.0013430138783964152,0.44012932776955743,0.0013522736689666193
71,0.0013332278155996358,0.4392940516540181,0.0013424693590228243
72,0.001323191140159996,0.44147317068511027,0.0013320348492333878
73,0.001225552149464959,0.42623162443542295,0.0012342056517723465
74,0.001040893976324786,0.3657008376358544,0.0010459047786602893
75,0.001228839415212346,0.3996594872509601,0.0012285460356742384
76,0.0012732474229158464,0.3948290330895281,0.0012734576034389433
77,0.0014850902857181936,0.21412730567370417,0.0014840435646559236
78,0.0014883044179232474,0.20498632720124293,0.001487243536576921
79,0.0015852251623542646,0.19123545618981616,0.0015846297442416724
80,0.0007496554256136712,0.18471022630382886,0.0007500636680690675
81,0.0005940928917980148,0.15742317249893928,0.0005941529776394283
82,0.0006413903112286565,0.17505079784156066,0.0006427189231908781
83,0.000653067907744925,0.17642430554932798,0.0006541911460341344
84,0.0006284944013601468,0.16094149786558212,0.0006287966484981311
85,0.00033856628082729046,0.13735501138607303,0.0003404931219668228
86,0.0003541580484307913,0.13423485855965794,0.00035412709577701754
87,0.0005262451025434376,0.1343341515301325,0.000526404405052399
88,0.000181650998646532,0.10584524432922678,0.0001818387233307739
89,0.00026187774441543965,0.1093814552329501,0.0002626826731182419
90,0.00025407826535639444,0.09835260787891328,0.0002539418097486923
91,0.00044937664888466955,0.0945063998542886,0.00045127343073270154
92,0.0002924224091204986,0.09108115067085772,0.0002922032082426055
93,0.0003092292318526946,0.10341095479547714,0.00030899767765820964
94,0.00031996110565698735,0.09238024171208051,0.00032033349250056736
95,0.00032160782215481467,0.09106552944022327,0.00032197415612685736
96,0.0002951954759375619,0.08546291084702283,0.00029538166548267347
97,0.0002364758453818583,0.10046475459429846,0.00023647373729614887
98,0.00015998575503136883,0.08604889113165438,0.00015991895368380074
99,0.00017855268229413304,0.05899782781131596,0.00017849064086436194
100,0.00017226439564518528,0.058872088243728124,0.00017221608605507953
101,0.00016996380291242288,0.05869714072800099,0.00016991486188319392
102,0.0003932216993200699,0.015783678429953207,0.0003968890433760574
103,0.0004223086107039942,0.017351607811665115,0.00042635154427547056
104,0.00012406207879231082,0.0193494404094543,0.00012444936319951796
105,0.0001235133566650193,0.01880900809325592,0.00012407595045701316
106,0.00013326253095332865,0.021286710187115254,0.00013316577080676716
107,0.0001073307050836192,0.01707666971138222,0.00010725271924361124
108,9.994192430173854e-05,0.017381722537577637,9.988805309557591e-05
109,9.259779572268201e-05,0.020009113368230302,9.254793759883029e-05
110,9.314630851342542e-05,0.019994426633549,9.309643235155818e-05
111,0.00010327049084946083,0.01829716716690344,0.00010319993491325619
112,3.5790693251491756e-05,0.014750175367973739,2.9740799830868525e-05
113,3.5483274763936645e-05,0.014658763200298797,2.8552985619434423e-05
114,3.514279549027277e-05,0.014545706923020596,2.9560155236030283e-05
115,3.3314525908295645e-05,0.01559664558895335,2.147292612519891e-05
116,3.2677824790688925e-05,0.015449639977260787,2.4363607366240103e-05
117,3.7428051821358777e-05,0.017009938528572244,1.6762757849391437e-05
118,3.18910559965746e-05,0.015678416905798187,1.9970335003411476e-05
119,1.5313439290537412e-05,0.011440013643417235,1.2619653010630643e-05
120,1.6603399486871118e-05,0.012595339832011998,1.064605584405177e-05
121,1.1755816295123955e-05,0.009288629025018258,6.1429971811770885e-06
122,1.1838354992778355e-05,0.009356614980455091,6.2289793945263e-06
123,1.152962704113053e-05,0.009176845882396145,5.9717395117980005e-06
124,1.1527922109823285e-05,0.009176274465478362,5.9726041659240765e-06
125,1.17272259596915e-05,0.009322850392641635,5.914199103804117e-06
126,1.1624445592363364e-05,0.009276711571983176,6.136657640728936e-06
127,1.1385152558975042e-05,0.009118288783240058,5.775657918169395e-06
128,1.147471122878857e-05,0.009181144518276285,5.8326329242157955e-06
129,1.177220408758034e-05,0.009372791725269503,5.912029376295345e-06
130,1.2030026968846974e-05,0.00955297168897018,5.995855033821749e-06
131,1.2068841305480638e-05,0.009570727479309316,6.029193466280867e-06
132,1.2132194517934514e-05,0.009605920208598517,6.01887061970333e-06
133,1.073886861883283e-05,0.008752989680503753,5.355049422581169e-06
134,1.1349831730046722e-05,0.008915027736674463,4.920561146112755e-06
135,1.1272717299649904e-05,0.008885579385102482,5.139902043557663e-06
136,1.129978804707138e-05,0.00890140246550597,5.149829569026019e-06
137,1.1320718225550641e-05,0.00893897388843512,5.280693782713706e-06
138,1.1561063386213155e-05,0.00910098838055401,5.1833773806657974e-06
139,1.083037378849655e-05,0.008709828227308203,4.6979018151398806e-06
140,7.23858904052091e-06,0.006213121412491196,3.941632064297096e-06
141,7.314072295722812e-06,0.006268437885015743,3.986684587786726e-06
142,9.223814078342107e-06,0.007562089369438363,5.089917024747592e-06
143,8.853240636187698e-06,0.0073670553821521545,5.018191242101011e-06
144,8.846157686849543e-06,0.007327245755426703,4.996487014352624e-06
145,1.1786982008689384e-05,0.00902176232216606,5.513380580524085e-06
146,1.1681356795224807e-05,0.008939950172347944,5.45196535384207e-06
147,4.564178368221539e-06,0.003845214507264716,2.4422324216482367e-06
148,4.30464445208556e-06,0.0036632672387408305,2.347434929125734e-06
149,2.8909951158284652e-06,0.0027985552541512915,1.8441089047110155e-06
150,2.1023664608377235e-06,0.002260961014074664,1.5270170976771398e-06
151,2.1605343739905525e-06,0.002285446196973462,1.4794015754853491e-06
152,2.207915267865568e-06,0.0023171499895038306,1.5088483067609333e-06
153,2.2541418886190545e-06,0.002352025247414985,1.5448685850765515e-06
154,2.3728375268261548e-06,0.0024780654564302285,1.5711580587856362e-06
155,2.1273194818205443e-06,0.002436240150245794,1.5346140820520533e-06
156,2.126642299066228e-06,0.0024363950494716846,1.5331526306477146e-06
157,2.1174522885358815e-06,0.0024588684032096353,1.5180777204386915e-06
158,2.59659555582048e-06,0.0026134194799253274,1.6236950664188272e-06
159,2.957589812530026e-06,0.0029977151959480475,1.759058459801986e-06
160,2.9462638405364228e-06,0.0029629638972521744,1.730360462934209e-06
161,1.8878432648528065e-06,0.002404018818911724,1.3060935302371719e-06
162,1.920407239480726e-06,0.0024645228975701816,1.3378270047519665e-06
163,1.9786955754164115e-06,0.002454525654731865,1.349823001836535e-06
164,1.978227189197712e-06,0.002453971908876168,1.3462013086689468e-06
165,1.8937582879907655e-06,0.0024127089017539627,1.1961638044704388e-06
166,1.9566146534366613e-06,0.002475407402000085,1.23333833103859e-06
167,1.7382017105938008e-06,0.0023141184702512863,1.1470615320002027e-06
168,1.7413127224863434e-06,0.0023012237528484414,1.1483541726613795e-06
169,1.928294416614351e-06,0.002415563367094364,1.259980006570936e-06
170,2.019095163091622e-06,0.0024725325547782506,1.228596147503845e-06
171,3.0331939861183432e-06,0.002912543963906028,1.7741155034139184e-06
172,3.0500908380359792e-06,0.0029108124473732344,1.8660013623355327e-06
173,3.0778139677722915e-06,0.0029579675120783855,1.7240654983845844e-06
174,3.1049829477269864e-06,0.0029899501888492608,1.754722649868677e-06
175,3.1135101817569844e-06,0.0029842232414306613,1.7320443390838365e-06
176,3.086119870238102e-06,0.0029590890217006116,2.2548697416107417e-06
177,2.9859410609900383e-06,0.002894757919641333,2.1644028152161583e-06
178,3.0186577348045862e-06,0.00290665873456028,2.2017548460178433e-06
179,2.981640469107427e-06,0.0026819414024811805,2.091600954676119e-06
180,2.9839655958652234e-06,0.0026824081840431946,2.0969816532295e-06
181,3.0128720339972492e-06,0.0026325027643526733,2.290217690178929e-06
182,3.0532046281506187e-06,0.0026886912448519373,2.271740896750339e-06
183,2.536465763119944e-06,0.002288167843271044,1.8866367135410884e-06
184,2.4410587634859926e-06,0.002250397852849667,1.6248500287668095e-06
185,2.4173264122906435e-06,0.0022313325462157696,1.6053783582686039e-06
186,2.021093786913619e-06,0.00184769162429832,1.404418981129561e-06
187,2.1048140380897085e-06,0.0019114391951957077,1.47324539591923e-06
188,2.1047974318177953e-06,0.001911490021485579,1.4729448763100323e-06
189,2.022254775552179e-06,0.001836219362690572,1.4148973060040022e-06
190,2.037733015575194e-06,0.0018496669219169315,1.4240588104479685e-06
191,2.02286151065878e-06,0.0018334194475970733,1.4189474164732247e-06
192,2.04101445025473e-06,0.0018235707327813877,1.4716006724506998e-06
193,1.6224183444456253e-07,0.0002626199829481628,1.4561445473178387e-07
194,1.580158531019199e-07,0.0002658676421563904,1.3872471171794132e-07
195,1.6001597938873624e-07,0.00027187811883808523,1.4072679734185463e-07
196,1.5998969818929731e-07,0.0002719378852592307,1.4074979050478382e-07
197,1.6387057844013952e-07,0.0002758549884450439,1.6466114427515777e-07
198,1.6703942941521186e-07,0.00027840448254354657,1.6728479226005684e-07
199,2.2437713555379455e-07,0.00026467055477423507,2.2416013402577924e-07
200,2.246206421020532e-07,0.0002646371884244131,2.244061523426088e-07
201,1.3247796459836536e-07,0.0003133685102344224,1.3359633044274233e-07
202,1.5178714818375738e-07,0.00031403108613434585,1.5396202002193604e-07
203,2.417488342842944e-07,0.00028662917185360117,2.478429035335239e-07
204,2.4179875879326573e-07,0.00028665255342761144,2.4789594021967787e-07
205,1.9673116824492354e-07,0.000310926118573061,2.014597084709635e-07
206,1.4035484618112049e-07,0.0003233291022300726,1.381698915281504e-07
207,1.6253062007365315e-07,0.0003614505785666005,1.6699553206933615e-07
208,1.667473057409552e-07,0.0003615607895429456,1.7087069359433826e-07
209,1.8703448922963162e-07,0.0004088969309353523,1.8769980059119007e-07
210,1.9069338463850727e-07,0.00040144700599884333,1.909025479918114e-07
211,1.7902080173826107e-07,0.0004015420954604814,1.7896752790846904e-07
212,1.786120140678804e-07,0.0004015194633669488,1.7852938372087124e-07
213,4.420408803440523e-07,0.0003994893415895966,4.4168606905259367e-07
214,5.24086200215379e-07,0.00041682403059470726,5.243284633138501e-07
215,5.560138518490021e-07,0.00042818627741811707,5.565429077591943e-07
216,5.561465812320421e-07,0.0004280566408854973,5.567068868117531e-07
217,5.37658372934402e-07,0.0004082359206452928,5.381036771723302e-07
218,5.374537295210757e-07,0.00040802010096316723,5.379019256679385e-07
219,5.338772552931914e-07,0.00038814769544645957,5.343081568298658e-07
220,5.348774827496072e-07,0.0003881110858404462,5.353198808677462e-07
221,5.350574490137205e-07,0.0003903341991534397,5.354992449468909e-07
222,5.224226065081439e-07,0.0002494827841704499,5.227963679743652e-07
223,5.251649639603784e-07,0.0002451215539170697,5.254587662761878e-07
224,5.143212575831058e-07,0.00024505153351159594,5.146145625190002e-07
225,5.091754076147481e-07,0.0002442475239380109,5.093687605040031e-07
226,5.056551692916855e-07,0.0002484211512413275,5.058730447871085e-07
227,4.518170158007706e-07,0.0002479625348999797,4.515578808650389e-07
228,2.4248595662403224e-07,0.0002493914194022544,2.421840150414183e-07
229,2.435390342491339e-07,0.00024955175933913767,2.4324245371146125e-07
230,1.8230624651995206e-07,0.0002371254005314221,1.841080692074319e-07
231,1.8102972984980645e-07,0.00023580744903059885,1.8315615688069093e-07
232,1.8536867327658021e-07,0.00023580102470108604,1.8716927027784086e-07
233,2.0310247348266805e-07,0.00023491819467866653,2.0354411131650968e-07
234,2.120967259365991e-07,0.00021207183328928285,2.1200400365872602e-07
235,2.1349590892828948e-07,0.00021238069450677348,2.1331908681221185e-07
236,2.1347292287078765e-07,0.00021237280992667356,2.133119387522901e-07
237,2.131925462599704e-07,0.00021268145280859234,2.1309480755038285e-07
238,2.1776603984381856e-07,0.00021365081221378195,2.1750174281534516e-07
239,2.1012072790473232e-07,0.0002172458318912867,2.0997363845323622e-07
240,2.1414661686027123e-07,0.00021718205744067736,2.140128358742159e-07
241,2.1471100450799915e-07,0.00021709075929296877,2.1459854335673032e-07
242,2.0802955444811252e-07,0.000217299000496805,2.0788846730637676e-07
243,6.945668573621333e-07,0.00020975623182947767,6.945207005060183e-07
244,3.727704544808241e-07,0.00020965303444234196,3.727858626002827e-07
245,3.708584763494493e-07,0.0002095749947685771,3.7087751534228764e-07
246,3.500547957934352e-07,0.0002112363146793278,3.4989491124362493e-07
247,3.7727844312220903e-07,0.00019630523181875248,3.8449409342577826e-07
248,2.3175650909479373e-07,0.00019605998591248897,2.3175650909479373e-07
249,2.3312549046750064e-07,0.00018226131032861304,2.3312549046750064e-07
250,2.328925887695732e-07,0.00018232036813969899,2.328925887695732e-07
251,2.040918190004959e-07,0.00022906303547673806,2.040918190004959e-07
252,2.0424978686151007e-07,0.00022904823663369816,2.0424978686151007e-07
253,2.0917499199413214e-07,0.00023699788130246806,2.0882064433180858e-07
254,2.0904874986626965e-07,0.00023580765537220932,2.0871063100003084e-07
255,2.2332979199291003e-07,0.00022976979585140716,2.230472162523256e-07
256,2.22950419015433e-07,0.0002296024372302235,2.226605460009523e-07
257,1.978223025389525e-07,0.00023373064345863886,1.9754413926875714e-07
258,1.9597225531242657e-07,0.00023424813889536371,1.9563952946555219e-07
259,1.995823595279944e-07,0.00023388020235901412,1.9922015326301334e-07
260,1.99564766489857e-07,0.00023383258621865015,1.992056297694944e-07
261,1.9939174222827205e-07,0.00023388820500289502,1.9904150150296118e-07
262,1.9635365333670052e-07,0.00023549238130757648,1.9598394374042982e-07
263,2.0704880654420776e-07,0.000180152992584226,2.0688879942554195e-07
264,2.072162175181802e-07,0.00018012488840213337,2.0704045056163523e-07
265,2.0793356014792153e-07,0.00018010752955888165,2.0775259201855079e-07
266,1.476596835914279e-07,0.0001804230219022429,1.4751972798876523e-07
267,1.4740712828142932e-07,0.0001796347971776413,1.4740712828142932e-07
268,1.488761114387671e-07,0.0001796237622784247,1.488761114387671e-07
269,1.46262010503051e-07,0.00017961406513222755,1.46262010503051e-07
270,1.6821992687710008e-07,0.00018038990958757495,1.6842328420807462e-07
271,1.673805058999278e-07,0.00018045479032480216,1.6758619381107565e-07
272,1.6785165257715562e-07,0.00018046303466690006,1.6812779790598142e-07
273,1.6581745398980274e-07,0.00018042212354885123,1.660013708715269e-07
274,1.6032697658374673e-07,0.0001810214748729777,1.6041133221733617e-07
275,1.5983161461008422e-07,0.00017922477161391726,1.5983380308171036e-07
276,1.5976122114125246e-07,0.00017926023485870246,1.5978131528981976e-07
277,1.610034559007545e-07,0.00017849926086910273,1.611083106922706e-07
278,1.5989316892728311e-07,0.0001778922653556947,1.5989851220865603e-07
279,1.580995601102586e-07,0.00017778401218038198,1.5810655895620584e-07
280,1.5804587860657193e-07,0.00017760967841695674,1.580609989559889e-07
281,1.577410131403667e-07,0.00017783730459086655,1.5768784322744978e-07
282,1.667280145056793e-07,0.00016607365614618175,1.6680860426276922e-07
283,1.5342232728698946e-07,0.00016232194457188598,1.5325045410463645e-07
284,1.5352685522884713e-07,0.00016230699975494645,1.5330255820344973e-07
285,1.5321361956921464e-07,0.00016159942924787174,1.5294881450245157e-07
286,1.607522790436633e-07,0.0001608560494332778,1.605417239147755e-07
287,1.5626613958374946e-07,0.00014226756957214093,1.5600608804788862e-07
288,1.574455268382735e-07,0.00014222762445115222,1.5726321578313218e-07
289,1.5716128132226004e-07,0.00014174172895309312,1.569484382457631e-07
290,1.5747494330753398e-07,0.0001422946684215276,1.5730265090496687e-07
291,1.5743171388749033e-07,0.00014234852289973787,1.5724101842806704e-07
292,1.5744699055630917e-07,0.00014235477647162043,1.5730658020629562e-07
293,1.8969797821455359e-07,0.00014149093556170556,1.8969797821455359e-07
294,1.862372158711878e-07,0.00014589704119316593,1.862372158711878e-07
295,1.8681654267993508e-07,0.00014557048802998906,1.8681654267993508e-07
296,1.8677707913639097e-07,0.00014557379381585633,1.8677707913639097e-07
297,1.935361026994542e-07,9.717760258354247e-05,1.935361026994542e-07
298,1.932396784809498e-07,9.735692867707257e-05,1.932396784809498e-07
299,1.933171205337203e-07,9.729721807616443e-05,1.933171205337203e-07
300,1.9339243806371087e-07,9.733007300383179e-05,1.9339243806371087e-07
301,1.9069889845013677e-07,0.00011510591389196634,1.9069889845013677e-07
302,1.9071801915515607e-07,0.00011348860300586239,1.9071801915515607e-07
303,1.9181782562327498e-07,0.00011353413663073297,1.9181782562327498e-07
304,1.9123721983760333e-07,0.00011355772926435748,1.9123721983760333e-07
305,1.9082462188180216e-07,0.00011274614610101708,1.9082462188180216e-07
306,1.905102777755019e-07,0.00011276303848717362,1.905102777755019e-07
307,1.8864486150960147e-07,0.00011278165345629532,1.8864486150960147e-07
308,1.8897934239703318e-07,0.00011277789008090622,1.8897934239703318e-07
309,1.888952283479739e-07,0.00011228911318994506,1.888952283479739e-07
310,1.8876215790442075e-07,0.00011197655703654164,1.8876215790442075e-07
311,1.8856462702387944e-07,0.00011205782652723428,1.8856462702387944e-07
312,1.8709691573803866e-07,0.00011201736583643651,1.8709691573803866e-07
313,1.8747460472923194e-07,0.00011176490829711838,1.8747460472923194e-07
314,1.9417896623963316e-07,0.00011148088231038855,1.9417896623963316e-07
315,1.9299777420656028e-07,0.00011160414533151197,1.9299777420656028e-07
316,1.9379399418539833e-07,0.0001114928913921176,1.9379399418539833e-07
317,1.9374911630620772e-07,0.00011146880183332541,1.9374911630620772e-07
318,1.9628247827085943e-07,0.00011113618552371918,1.9628247827085943e-07
319,1.9495092828947236e-07,0.00011147884777074069,1.9495092828947236e-07
320,1.9531225348146108e-07,0.0001114830521373733,1.9531225348146108e-07
321,1.9548086527265696e-07,0.00011146351891966333,1.9548086527265696e-07
322,1.9579940868652557e-07,0.00011056240191464894,1.9579940868652557e-07
323,1.9518997618206413e-07,0.00011048034025407105,1.9518997618206413e-07
324,1.952085995071684e-07,0.00011044105031032814,1.952085995071684e-07
325,1.9429050013286542e-07,0.00011064151067330386,1.9429050013286542e-07
326,1.911641902552219e-07,0.00011061903524023364,1.9225394964905718e-07
327,1.91290602913341e-07,0.00011050695445646852,1.92465975601408e-07
328,1.91963252405003e-07,0.00011054786432396213,1.9313010568566824e-07
329,1.914655598511672e-07,0.0001107596731344529,1.9263671902081114e-07
330,1.9188595956620702e-07,0.00011085870278293442,1.9300749443118548e-07
331,1.9197705825035882e-07,0.00011069429865528946,1.9295222841719806e-07
332,1.928142836504776e-07,0.00011059888504405535,1.9361603875722722e-07
333,1.9328863487544368e-07,0.00010974029044064082,1.9394200023725716e-07
334,1.9284691887833105e-07,0.0001099097160022211,1.9347645263678714e-07
335,1.9230485293064703e-07,0.00010991325643772143,1.9309710808101954e-07
336,1.9366149928146115e-07,0.00011004256430169335,1.9484231472688407e-07
337,1.9399891471039155e-07,0.00010989725865329092,1.95056031770946e-07
338,1.970029614994928e-07,0.00010989863960730872,1.980853454597309e-07
339,1.9781907667493215e-07,0.00010968426659019315,1.986451252378174e-07
340,1.9792413752384164e-07,0.00010970798780363111,1.9869330003530195e-07
341,1.9704181397628417e-07,0.00010948812177957734,1.9733222700324404e-07
342,1.9800035033767927e-07,0.00010938071250166104,1.9801998973889567e-07
343,1.9800900474820082e-07,0.00010938121761228103,1.980733443929239e-07
344,1.9819803753762244e-07,0.00010934741681012383,1.98302046783283e-07
345,1.986102375894916e-07,0.00010940638208012388,1.9850869392712411e-07
346,1.9826438801828772e-07,0.00010968735193728207,1.9824481256591753e-07
347,1.620183809336595e-07,1.1171575260329747e-05,1.620183809336595e-07
348,1.6211108544439412e-07,1.116090302211159e-05,1.6211108544439412e-07
349,1.6229661525812844e-07,1.1171540694840387e-05,1.6229661525812844e-07
350,1.6050444173743017e-07,9.01753787729831e-06,1.6050444173743017e-07
351,1.6044796780079196e-07,9.022880476550199e-06,1.6044796780079196e-07
352,1.6049656892391795e-07,9.020735888043419e-06,1.6049656892391795e-07
353,1.5903931682714756e-07,8.965627330326242e-06,1.5903931682714756e-07
354,1.577706072453111e-07,8.926319651436643e-06,1.577706072453111e-07
355,1.5490310545374086e-07,8.88468139237375e-06,1.5490310545374086e-07
356,1.548182666510911e-07,8.881199619281688e-06,1.548182666510911e-07
357,1.5510125450646228e-07,8.884426733857254e-06,1.5510125450646228e-07
358,1.55135722934574e-07,8.88649719854584e-06,1.55135722934574e-07
359,1.5391950825005551e-07,8.86377415554307e-06,1.5391950825005551e-07
360,1.5398143915490436e-07,8.8683043486526e-06,1.5398143915490436e-07
361,1.5218283522244747e-07,8.833888159642811e-06,1.5218283522244747e-07
362,1.5030086331080383e-07,8.86088605511759e-06,1.5030086331080383e-07
363,1.502006199416428e-07,8.85777990333736e-06,1.502006199416428e-07
364,1.501826361050007e-07,8.856317435856909e-06,1.501826361050007e-07
365,1.4844985685158463e-07,8.810986173557467e-06,1.4844985685158463e-07
366,1.4349123489409976e-07,8.744210390432272e-06,1.4349123489409976e-07
367,1.4353360455743314e-07,8.74293709784979e-06,1.4353360455743314e-07
368,1.434580809700492e-07,8.74866736921831e-06,1.434580809700492e-07
369,1.3525517772450257e-07,7.352043019340226e-06,1.3525517772450257e-07
370,1.3588205405312692e-07,6.986786325546834e-06,1.3588205405312692e-07
371,1.3316358860038235e-07,9.798266900812314e-06,1.3316358860038235e-07
372,1.3402944887275225e-07,9.801594063815755e-06,1.3402944887275225e-07
373,1.333919499302283e-07,9.831708330215738e-06,1.333919499302283e-07
374,1.3302273060844527e-07,9.838785553509255e-06,1.3302273060844527e-07
375,1.3309514201864658e-07,9.819655012260897e-06,1.3309514201864658e-07
376,1.330992773773687e-07,9.818357376983888e-06,1.330992773773687e-07
377,1.2856060038757278e-07,9.850598718011416e-06,1.2856060038757278e-07
378,1.3006402355131286e-07,9.863421006922612e-06,1.3006402355131286e-07
379,1.2912364155681644e-07,9.833111410326167e-06,1.2912364155681644e-07
380,1.292284039777769e-07,9.85443815566811e-06,1.292284039777769e-07
381,1.2885393374517662e-07,9.820096096832542e-06,1.2885393374517662e-07
382,1.290760351935205e-07,9.786467304595536e-06,1.290760351935205e-07
383,1.2882347277809458e-07,9.697475980577352e-06,1.2882347277809458e-07
384,1.2901823254196643e-07,9.699652626732336e-06,1.2901823254196643e-07
385,1.290419504584861e-07,9.39047263802395e-06,1.290419504584861e-07
386,1.2896489209879292e-07,9.38541016073935e-06,1.2896489209879292e-07
387,1.2910373214936044e-07,9.39432343487201e-06,1.2910373214936044e-07
388,1.2906972557402696e-07,9.377472092883532e-06,1.2906972557402696e-07
389,1.2472517596506805e-07,9.470891968094142e-06,1.2472517596506805e-07
390,1.2174405839004976e-07,9.508264909821595e-06,1.2174405839004976e-07
391,1.2138652039084263e-07,9.160266092808622e-06,1.2138652039084263e-07
392,1.213816815948121e-07,9.162226508485638e-06,1.213816815948121e-07
393,1.2027591367314017e-07,9.157423005820564e-06,1.2027591367314017e-07
394,1.204446178348917e-07,9.167105260721176e-06,1.204446178348917e-07
395,1.2247430447587249e-07,9.184289723657146e-06,1.2247430447587249e-07
396,1.2259726389629577e-07,9.186360417051675e-06,1.2259726389629577e-07
397,1.2248206360254699e-07,9.192293954213282e-06,1.2248206360254699e-07
398,1.2246400160620396e-07,9.202661511137356e-06,1.2246400160620396e-07
399,1.224060781623848e-07,9.198741586377568e-06,1.224060781623848e-07
400,1.223639287672995e-07,9.19686188963209e-06,1.223639287672995e-07
401,1.2227067713865836e-07,9.209643016913627e-06,1.2227067713865836e-07
402,1.2380483127572006e-07,9.20962029198058e-06,1.2380483127572006e-07
403,1.2325378406785603e-07,9.21735713017846e-06,1.2325378406785603e-07
404,1.2318294295710075e-07,9.224668555365967e-06,1.2318294295710075e-07
405,1.231053445849284e-07,9.216251865520886e-06,1.231053445849284e-07
406,1.2283199168905412e-07,9.217079738832457e-06,1.2283199168905412e-07
407,1.2274849581217495e-07,9.239559721721524e-06,1.2274849581217495e-07
408,1.227675596737754e-07,9.23158527499357e-06,1.227675596737754e-07
409,1.2101342150572236e-07,9.101057313845584e-06,1.2101342150572236e-07
410,1.206516984098016e-07,9.057201019915806e-06,1.206516984098016e-07
411,1.204207364935428e-07,9.05603254454379e-06,1.204207364935428e-07
412,1.205997648412449e-07,9.068903258704908e-06,1.205997648412449e-07
413,1.2037922658691969e-07,8.774924813451102e-06,1.2037922658691969e-07
414,1.2004755944872159e-07,8.77062153094299e-06,1.2004755944872159e-07
415,1.1241124298067007e-07,9.14266527733687e-06,1.1241124298067007e-07
416,1.1252579668052931e-07,9.141626865730168e-06,1.1252579668052931e-07
417,1.0816743412078722e-07,9.20683291365243e-06,1.0816743412078722e-07
418,1.081906475519645e-07,9.20363490924947e-06,1.081906475519645e-07
419,1.0813424466959987e-07,9.197807316785322e-06,1.0813424466959987e-07
420,1.0812115647240716e-07,9.19737667495757e-06,1.0812115647240716e-07
421,1.0800057737014868e-07,8.9687240506231e-06,1.0800057737014868e-07
422,1.078986642255586e-07,8.977179623059772e-06,1.078986642255586e-07
423,1.0854791554493204e-07,8.97151575171562e-06,1.0854791554493204e-07
424,1.0887554680039102e-07,8.973339963844196e-06,1.0887554680039102e-07
425,1.0874605038679874e-07,8.973507538895253e-06,1.0874605038679874e-07
426,1.1467088256722491e-07,8.762176430823776e-06,1.1467088256722491e-07
427,1.1448146608472598e-07,8.758040500086994e-06,1.1448146608472598e-07
428,1.1456532433840039e-07,8.758754332399699e-06,1.1456532433840039e-07
429,1.1455486514933e-07,8.734001516991219e-06,1.1455486514933e-07
430,1.1482962491982107e-07,8.619308323187802e-06,1.1482962491982107e-07
431,1.1407826150389155e-07,8.637206276293496e-06,1.1407826150389155e-07
432,1.1672151600805591e-07,8.635551446409262e-06,1.1672151600805591e-07
433,1.1663794907690317e-07,8.568990083737682e-06,1.1663794907690317e-07
434,1.1676549860339946e-07,8.57295843212369e-06,1.1676549860339946e-07
435,1.1690700318922609e-07,8.576653704628345e-06,1.1690700318922609e-07
436,1.1692969792420627e-07,8.577376530857772e-06,1.1692969792420627e-07
437,1.1688891277117364e-07,8.570418441530836e-06,1.1688891277117364e-07
438,1.1679826172894536e-07,8.557304204501182e-06,1.1679826172894536e-07
439,1.1656500475965004e-07,8.551604401510482e-06,1.1656500475965004e-07
440,1.1251950127189048e-07,8.56461495604699e-06,1.1251950127189048e-07
441,1.1293313662008586e-07,8.400465469737828e-06,1.1293313662008586e-07
442,1.1482705986054498e-07,7.99580272323186e-06,1.1482705986054498e-07
443,1.1459971460681118e-07,8.001098939350304e-06,1.1459971460681118e-07
444,1.1444836189866692e-07,8.005431317528733e-06,1.1444836189866692e-07
445,1.1452156201130492e-07,8.008296448064334e-06,1.1452156201130492e-07
446,1.1434680402544473e-07,8.013209997673187e-06,1.1434680402544473e-07
447,1.101732607367012e-07,7.901442075491927e-06,1.101732607367012e-07
448,1.1016328471669112e-07,7.895288428982905e-06,1.1016328471669112e-07
449,1.1024759061228906e-07,7.902881799096151e-06,1.1024759061228906e-07
450,1.1044200221022038e-07,7.91549853428053e-06,1.1044200221022038e-07
451,1.104822189290644e-07,7.907419947064676e-06,1.104822189290644e-07
452,1.1052525650256939e-07,7.911743235500257e-06,1.1052525650256939e-07
453,1.1054468984639243e-07,7.91267023546316e-06,1.1054468984639243e-07
454,1.0918642345814078e-07,7.798598411171143e-06,1.0918642345814078e-07
455,1.0823923446423578e-07,7.136553170264404e-06,1.0823923446423578e-07
456,1.0895061564042408e-07,7.140747075987108e-06,1.0895061564042408e-07
457,1.0879228540261465e-07,7.1262445030112476e-06,1.0879228540261465e-07
458,1.088876828703178e-07,7.08782517391815e-06,1.088876828703178e-07
459,1.0858835253202415e-07,7.06912459857989e-06,1.0858835253202415e-07
460,1.0875205447291592e-07,7.0686074082476624e-06,1.0875205447291592e-07
461,1.1664766930152837e-07,7.1829495411068756e-06,1.1664766930152837e-07
462,1.1645403219517902e-07,7.161632117169692e-06,1.1645403219517902e-07
463,1.1082050122013243e-07,7.117723316477087e-06,1.1082050122013243e-07
464,1.108389398041254e-07,7.114811897662721e-06,1.108389398041254e-07
465,1.106098181935522e-07,7.048927649452863e-06,1.106098181935522e-07
466,1.1050044435023665e-07,7.059505298029345e-06,1.1050044435023665e-07
467,1.0706455810804982e-07,7.06003370432029e-06,1.0706455810804982e-07
468,1.0698532548758521e-07,7.0529278247966065e-06,1.0698532548758521e-07
469,1.0695304553109963e-07,7.061318592127552e-06,1.0695304553109963e-07
470,1.0689959850651576e-07,7.089856946446149e-06,1.0689959850651576e-07
471,1.0669723593537128e-07,7.117069710155244e-06,1.0669723593537128e-07
472,1.0623013935173731e-07,7.1141688826603655e-06,1.0623013935173731e-07
473,1.0509543812986522e-07,7.076654054541387e-06,1.0509543812986522e-07
474,1.0489637247701467e-07,7.070091362471054e-06,1.0489637247701467e-07
475,1.0489035418004278e-07,7.075309587656342e-06,1.0489035418004278e-07
476,1.0501411651375747e-07,7.0751758929760156e-06,1.0501411651375747e-07
477,1.0548422579859107e-07,7.07877931292733e-06,1.0548422579859107e-07
478,1.0545200268552435e-07,7.075129738312591e-06,1.0545200268552435e-07
479,1.0302676400897326e-07,7.024823535053959e-06,1.0302676400897326e-07
480,1.0312871978612748e-07,7.030906919225366e-06,1.0312871978612748e-07
481,1.0304473363476063e-07,7.018786995230397e-06,1.0304473363476063e-07
482,1.0360598423631018e-07,7.0417872079509e-06,1.0360598423631018e-07
483,1.0369324598968888e-07,7.036832964185669e-06,1.0369324598968888e-07
484,1.0335836719832514e-07,7.030043129449548e-06,1.0335836719832514e-07
485,1.0335551081652739e-07,7.034830020069549e-06,1.0335551081652739e-07
486,1.0310998987961284e-07,7.035986447953557e-06,1.0310998987961284e-07
487,1.03286495800603e-07,7.037249287855651e-06,1.03286495800603e-07
488,1.0334756694874159e-07,7.038188561125924e-06,1.0334756694874159e-07
489,1.0348750123512218e-07,7.039365676253517e-06,1.0348750123512218e-07
490,1.0359413948890506e-07,7.035144027708884e-06,1.0359413948890506e-07
491,1.0377664239058504e-07,7.040939558181081e-06,1.0377664239058504e-07
492,1.040707431343435e-07,7.0363929816352755e-06,1.040707431343435e-07
493,1.0387518756260761e-07,7.0449247235593315e-06,1.0387518756260761e-07
494,1.0382841963973988e-07,7.059367726880428e-06,1.0382841963973988e-07
495,1.0394307281558213e-07,7.0623015281934265e-06,1.0394307281558213e-07
496,1.0388776416903056e-07,7.069379433663481e-06,1.0388776416903056e-07
497,1.0371660863484067e-07,7.059579628321266e-06,1.0371660863484067e-07
498,1.0353643631333398e-07,7.124973663147349e-06,1.0353643631333398e-07
499,1.034885031003796e-07,7.102037346343182e-06,1.034885031003796e-07
500,1.037449592899975e-07,7.103545966030689e-06,1.037449592899975e-07
501,1.0372046688189585e-07,7.095437367141133e-06,1.0372046688189585e-07
502,1.0373072711900022e-07,7.094682486205595e-06,1.0373072711900022e-07
503,1.0375778458637797e-07,7.091568605524512e-06,1.0375778458637797e-07
504,1.0427597629814045e-07,7.088842622293701e-06,1.0427597629814045e-07
505,1.0442417419653793e-07,7.093966255422579e-06,1.0442417419653793e-07
506,1.043232273900685e-07,7.094495810738843e-06,1.043232273900685e-07
507,1.0427301333493233e-07,7.089003602092636e-06,1.0427301333493233e-07
508,1.0454022003614227e-07,7.089058855075381e-06,1.0454022003614227e-07
509,1.0459205412871597e-07,7.108999067431676e-06,1.0459205412871597e-07
510,1.0404868788782551e-07,7.111732098663559e-06,1.0404868788782551e-07
511,1.0236098546556605e-07,6.409787934077982e-06,1.0236098546556605e-07
512,1.0244053783026175e-07,6.402524712414981e-06,1.0244053783026175e-07
513,1.0375381975791242e-07,6.390118296631386e-06,1.0375381975791242e-07
514,1.0421370433277843e-07,6.397856053511064e-06,1.0421370433277843e-07
515,1.0438207453944415e-07,6.403634980167716e-06,1.0438207453944415e-07
516,1.0434222730282272e-07,6.403287321612994e-06,1.0434222730282272e-07
517,1.0455786991769855e-07,6.4007307389729595e-06,1.0455786991769855e-07
518,1.0455451615598577e-07,6.402015402515171e-06,1.0455451615598577e-07
519,1.0457664956220469e-07,6.404578126589788e-06,1.0457664956220469e-07
520,1.0467231703614743e-07,6.4048630254859296e-06,1.0467231703614743e-07
521,1.039974577565772e-07,6.357870107318031e-06,1.039974577565772e-07
522,1.026606355480908e-07,6.360113379094701e-06,1.026606355480908e-07
523,1.0215200774155164e-07,6.358781195356378e-06,1.0215200774155164e-07
524,1.0262137095651269e-07,6.358215035195958e-06,1.0262137095651269e-07
525,1.0255562443717281e-07,6.360763210339071e-06,1.0255562443717281e-07
526,1.0256118088136645e-07,6.361073350155677e-06,1.0256118088136645e-07
527,1.0254993298985937e-07,6.359149541987352e-06,1.0254993298985937e-07
528,1.0283149975975903e-07,6.352824289568293e-06,1.0283149975975903e-07
529,1.0284266238613782e-07,6.351513712685164e-06,1.0284266238613782e-07
530,1.0267185501788845e-07,6.354651234594111e-06,1.0267185501788845e-07
531,1.0264672312132461e-07,6.3625511122489264e-06,1.0264672312132461e-07
532,1.027856697533025e-07,6.361783038602575e-06,1.027856697533025e-07
533,1.0127784833002806e-07,6.428579291214986e-06,1.0127784833002806e-07
534,1.0119127580310305e-07,6.425437442419968e-06,1.0119127580310305e-07
535,1.0053372534457594e-07,6.411225672534049e-06,1.0053372534457594e-07
536,1.0051099508245898e-07,6.410275709384239e-06,1.0051099508245898e-07
537,1.0024388075180468e-07,6.410752513910656e-06,1.0024388075180468e-07
538,1.0031546793243251e-07,6.404882862395822e-06,1.0031546793243251e-07
539,1.0142204587282322e-07,6.278956316121964e-06,1.0142204587282322e-07
540,1.0159389773889416e-07,6.282480834465809e-06,1.0159389773889416e-07
541,1.0182644416545372e-07,6.309367541784683e-06,1.0182644416545372e-07
542,1.0163377339722501e-07,6.305279820817411e-06,1.0163377339722501e-07
543,1.017315440776656e-07,6.30504244231167e-06,1.017315440776656e-07
544,1.017859432295154e-07,6.301181411025314e-06,1.017859432295154e-07
545,1.019489346276714e-07,6.302045661168987e-06,1.019489346276714e-07
546,1.0162407448888189e-07,6.306336423733683e-06,1.0162407448888189e-07
547,1.0037685171937483e-07,5.034296093081592e-06,1.0037685171937483e-07
548,1.0039305919917751e-07,5.039195090206228e-06,1.0039305919917751e-07
549,1.0054198185116547e-07,5.029812740239836e-06,1.0054198185116547e-07
550,1.0053183530089882e-07,5.033229484099899e-06,1.0053183530089882e-07
551,1.0029435060232572e-07,5.032515986380659e-06,1.0029435060232572e-07
552,1.0045521747770181e-07,5.040916080500946e-06,1.0045521747770181e-07
553,1.0047835985460551e-07,5.044912396098833e-06,1.0047835985460551e-07
554,1.0051950027900602e-07,5.047706369970539e-06,1.0051950027900602e-07
555,1.0055299526356976e-07,5.043998356338286e-06,1.0055299526356976e-07
556,1.0067639522048921e-07,5.046464903638026e-06,1.0067639522048921e-07
557,1.0059139299301023e-07,5.048322091402713e-06,1.0059139299301023e-07
558,1.0034754183152472e-07,5.042241210923004e-06,1.0034754183152472e-07
559,1.0034976583028765e-07,5.0459178420614315e-06,1.0034976583028765e-07
560,1.0028833941078119e-07,5.04456542391174e-06,1.0028833941078119e-07
561,1.0050210619283462e-07,5.045838266382052e-06,1.0050210619283462e-07
562,1.0062655064757564e-07,5.044943316837025e-06,1.0062655064757564e-07
563,1.0048224652337012e-07,5.041131631591811e-06,1.0048224652337012e-07
564,1.0054524324232261e-07,5.04310386229001e-06,1.0054524324232261e-07
565,1.006147769544441e-07,5.045092246552807e-06,1.006147769544441e-07
566,1.0056656662982277e-07,5.044363740505653e-06,1.0056656662982277e-07
567,1.0068990974332337e-07,5.03921691180631e-06,1.0068990974332337e-07
568,1.0074828793449342e-07,5.036527765900356e-06,1.0074828793449342e-07
569,1.0075667233877539e-07,5.041044769643621e-06,1.0075667233877539e-07
570,1.0087897095445442e-07,5.047102455246755e-06,1.0087897095445442e-07
571,1.0082780477205233e-07,5.047623144210922e-06,1.0082780477205233e-07
572,1.0098676028746922e-07,5.038743981597427e-06,1.0098676028746922e-07
573,1.0087701696193108e-07,5.158392997653416e-06,1.0087701696193108e-07
574,1.0129280525461581e-07,5.165957038547053e-06,1.0129280525461581e-07
575,1.012826018609303e-07,5.159518954245268e-06,1.012826018609303e-07
576,1.0139453365809459e-07,5.167550247972552e-06,1.0139453365809459e-07
577,1.0154418816910038e-07,5.156644498044427e-06,1.0154418816910038e-07
578,1.0143070028334478e-07,5.148132764073998e-06,1.0143070028334478e-07
579,1.0133901895414965e-07,5.14145639152197e-06,1.0133901895414965e-07
580,1.0169451059027779e-07,5.137855251247103e-06,1.0169451059027779e-07
581,1.0168690778300515e-07,5.1414875417432615e-06,1.0168690778300515e-07
582,1.0234005287657055e-07,5.14204938405205e-06,1.0234005287657055e-07
583,1.0235602587727044e-07,5.1474222247105406e-06,1.0235602587727044e-07
584,1.0240336223432678e-07,5.144466363626865e-06,1.0240336223432678e-07
585,1.0272408701439417e-07,5.241100614200578e-06,1.0272408701439417e-07
586,1.02551872771528e-07,5.238344166547115e-06,1.02551872771528e-07
587,1.021609463691675e-07,5.252719867787636e-06,1.021609463691675e-07
588,1.0226359847820277e-07,5.258338272973173e-06,1.0226359847820277e-07
589,1.0222615998145557e-07,5.258487201786899e-06,1.0222615998145557e-07
590,1.0226041524674656e-07,5.2630012457310915e-06,1.0226041524674656e-07
591,1.0230888136675276e-07,5.257818943962822e-06,1.0230888136675276e-07
592,1.0223271118547927e-07,5.252910858011273e-06,1.0223271118547927e-07
593,1.0226870728047288e-07,5.262046734191839e-06,1.0226870728047288e-07
594,1.0230777292008497e-07,5.2536727895846624e-06,1.0230777292008497e-07
595,1.020697979470242e-07,5.2669191245025004e-06,1.020697979470242e-07
596,1.0212104939455457e-07,5.257885566919973e-06,1.0212104939455457e-07
597,1.0194991517664675e-07,5.2627224879781e-06,1.0194991517664675e-07
598,1.0203025624377915e-07,5.262774327483011e-06,1.0203025624377915e-07
599,9.410508994278644e-08,5.186875137008773e-06,9.410508994278644e-08
600,9.407415291207144e-08,5.182818338972384e-06,9.407415291207144e-08
601,9.288849867061799e-08,5.194434642821766e-06,9.288849867061799e-08
602,9.322256744326296e-08,5.163257155757495e-06,9.322256744326296e-08
603,9.323566985131038e-08,5.170771172055555e-06,9.323566985131038e-08
604,9.311176540904853e-08,5.163856057643912e-06,9.311176540904853e-08
605,9.322782545950759e-08,5.169072688882004e-06,9.322782545950759e-08
606,9.326169703172127e-08,5.1607997028219055e-06,9.326169703172127e-08
607,9.310352311331371e-08,5.1715128638885055e-06,9.310352311331371e-08
608,9.319241911498466e-08,5.17363108115676e-06,9.319241911498466e-08
609,9.331562722536546e-08,5.179886354275687e-06,9.331562722536546e-08
610,9.31690848915423e-08,5.181242867649538e-06,9.31690848915423e-08
611,9.310453208399849e-08,5.183109603540403e-06,9.310453208399849e-08
612,9.298351955067119e-08,5.178409566708453e-06,9.298351955067119e-08
613,9.297791336848604e-08,5.1761838009284356e-06,9.297791336848604e-08
614,9.294382152802427e-08,5.176724043806646e-06,9.294382152802427e-08
615,8.877631074710735e-08,5.148741632599041e-06,8.877631074710735e-08
616,8.900354941943078e-08,5.146801449015803e-06,8.900354941943078e-08
617,8.902680548317221e-08,5.145808284950926e-06,8.902680548317221e-08
618,8.893870528936532e-08,5.1435838908237e-06,8.893870528936532e-08
619,8.893161407286243e-08,5.148690248479859e-06,8.893161407286243e-08
620,8.853550070853089e-08,5.141555039347989e-06,8.853550070853089e-08
621,8.861995581810334e-08,5.144661640241188e-06,8.861995581810334e-08
622,8.861893263656384e-08,5.141386556273275e-06,8.861893263656384e-08
623,8.82227695342408e-08,5.122536821750012e-06,8.82227695342408e-08
624,8.833774245431414e-08,5.129215236876483e-06,8.833774245431414e-08
625,8.81361117421875e-08,5.142057992374438e-06,8.81361117421875e-08
626,8.782307503452103e-08,5.125021342700098e-06,8.782307503452103e-08
627,8.796052242132646e-08,5.115994837365245e-06,8.796052242132646e-08
628,8.812813945269227e-08,5.1165616767878674e-06,8.812813945269227e-08
629,8.806551221596237e-08,5.109827323171445e-06,8.806551221596237e-08
630,8.799710826679075e-08,5.091734744111509e-06,8.799710826679075e-08
631,7.89773331177912e-08,3.133929340192747e-06,7.89773331177912e-08
632,7.910363564178624e-08,3.137227850102402e-06,7.910363564178624e-08
633,7.909135035788495e-08,3.12480233348678e-06,7.909135035788495e-08
634,7.907130594730916e-08,3.1273411879467792e-06,7.907130594730916e-08
635,7.907402732598712e-08,3.1245174342714497e-06,7.907402732598712e-08
636,7.907088672709506e-08,3.124155455380144e-06,7.907088672709506e-08
637,7.886046660132706e-08,3.160487949726569e-06,7.886046660132706e-08
638,7.87308493954697e-08,3.1651347855316024e-06,7.87308493954697e-08
639,7.88721905564671e-08,3.157950232134947e-06,7.88721905564671e-08
640,7.878831098651062e-08,3.1575877984962906e-06,7.878831098651062e-08
641,7.978751881410062e-08,3.1622455482377452e-06,7.978751881410062e-08
642,7.976757743222151e-08,3.1565180053533302e-06,7.976757743222151e-08
643,7.981002170254214e-08,3.1631152525463156e-06,7.981002170254214e-08
644,7.98519756983751e-08,3.164072268346256e-06,7.98519756983751e-08
645,7.970790960598606e-08,3.1650567963609254e-06,7.970790960598606e-08
646,7.851820527093878e-08,3.1252154714550605e-06,7.851820527093878e-08
647,7.846898597563268e-08,3.126240699357634e-06,7.846898597563268e-08
648,7.85792870772184e-08,3.1209503960510963e-06,7.85792870772184e-08
649,7.862407613856703e-08,3.120015662871349e-06,7.862407613856703e-08
650,7.867686591112033e-08,3.1182153181091897e-06,7.867686591112033e-08
651,7.84379281526526e-08,3.134974804352435e-06,7.84379281526526e-08
652,7.832185744405251e-08,3.131744051798062e-06,7.832185744405251e-08
653,7.835506465880826e-08,3.1400261379260817e-06,7.835506465880826e-08
654,7.848233707363761e-08,3.1350341488817256e-06,7.848233707363761e-08
655,7.868492701845753e-08,3.143322146725307e-06,7.868492701845753e-08
656,7.874522012230045e-08,3.1442550609156504e-06,7.874522012230045e-08
657,7.898768217273755e-08,3.1260669858695954e-06,7.898768217273755e-08
658,7.906703913818092e-08,3.120945621203912e-06,7.906703913818092e-08
659,7.908820265356553e-08,3.1193171709403876e-06,7.908820265356553e-08
660,7.903759069449734e-08,3.12002111983956e-06,7.903759069449734e-08
661,7.899577525449786e-08,3.1223221414350453e-06,7.899577525449786e-08
662,7.879845043134992e-08,3.12648239757463e-06,7.879845043134992e-08
663,7.939938839740535e-08,3.126819365361637e-06,7.939938839740535e-08
664,7.939339496942921e-08,3.121191412147066e-06,7.939339496942921e-08
665,7.07849352465928e-08,3.110617171996903e-06,7.07849352465928e-08
666,7.059706774725782e-08,3.1298268369667247e-06,7.059706774725782e-08
667,7.059562534550423e-08,3.1362303617882324e-06,7.059562534550423e-08
668,7.053442629967321e-08,3.1358504203765668e-06,7.053442629967321e-08
669,7.068014085120922e-08,3.140082299223916e-06,7.068014085120922e-08
670,7.060229378907934e-08,3.138287184056292e-06,7.060229378907934e-08
671,7.052170758470311e-08,3.1432994093577625e-06,7.052170758470311e-08
672,7.052109651795035e-08,3.1426905026549255e-06,7.052109651795035e-08
673,7.010720182165642e-08,3.141109800863244e-06,7.010720182165642e-08
674,6.445800693199999e-08,2.3743677957099867e-06,6.445800693199999e-08
675,6.442803623940563e-08,2.373028110014275e-06,6.442803623940563e-08
676,6.544052411072698e-08,2.375226813455811e-06,6.544052411072698e-08
677,6.554555653792704e-08,2.369766889387393e-06,6.554555653792704e-08
678,6.552865627895699e-08,2.376366637690808e-06,6.552865627895699e-08
679,6.552497566758575e-08,2.371482423768612e-06,6.552497566758575e-08
680,6.544872377389765e-08,2.374751147726784e-06,6.544872377389765e-08
681,6.551573861202087e-08,2.3782617972756275e-06,6.551573861202087e-08
682,6.534057916951497e-08,2.3761272132105664e-06,6.534057916951497e-08
683,6.540530250731535e-08,2.376100383116864e-06,6.540530250731535e-08
684,6.53027498742631e-08,2.3808966034266636e-06,6.53027498742631e-08
685,6.614716596686776e-08,2.375832991674543e-06,6.614716596686776e-08
686,6.657123918785146e-08,2.37519293477817e-06,6.657123918785146e-08
687,6.646125072506948e-08,2.3750976652081594e-06,6.646125072506948e-08
688,6.648917860729853e-08,2.3735849481454356e-06,6.648917860729853e-08
689,6.657121076614203e-08,2.36971663980512e-06,6.657121076614203e-08
690,6.498952132005797e-08,2.3060820240061734e-06,6.498952132005797e-08
691,6.472587443795419e-08,2.3086658984539103e-06,6.472587443795419e-08
692,6.483893599806834e-08,2.3067859729053457e-06,6.483893599806834e-08
693,6.501313976059464e-08,2.309860064997338e-06,6.501313976059464e-08
694,6.485682746415478e-08,2.3087402496457803e-06,6.485682746415478e-08
695,6.491826809451595e-08,2.3064535525918477e-06,6.491826809451595e-08
696,6.480399150632365e-08,2.3025140762911182e-06,6.480399150632365e-08
697,6.482037662181028e-08,2.2991982859821296e-06,6.482037662181028e-08
698,6.48812061854187e-08,2.301734639331699e-06,6.48812061854187e-08
699,6.48578293294122e-08,2.306301894350327e-06,6.48578293294122e-08
700,6.502648020045854e-08,2.3080833670974248e-06,6.502648020045854e-08
701,6.506088112701036e-08,2.305243015143788e-06,6.506088112701036e-08
702,6.452493650499491e-08,2.2956437533139255e-06,6.452493650499491e-08
703,6.452853185123786e-08,2.2996141524345153e-06,6.452853185123786e-08
704,6.466162716378676e-08,2.29217062042153e-06,6.466162716378676e-08
705,6.458490986460674e-08,2.29129841500253e-06,6.458490986460674e-08
706,6.467922020192418e-08,2.2970605186856123e-06,6.467922020192418e-08
707,6.473253932881562e-08,2.2987155716691636e-06,6.473253932881562e-08
708,6.429715071476494e-08,2.3023699213808872e-06,6.429715071476494e-08
709,6.412005859601777e-08,2.308310740772868e-06,6.412005859601777e-08
710,6.410702724224393e-08,2.3056181817082692e-06,6.410702724224393e-08
711,6.403136509902652e-08,2.308276407347876e-06,6.403136509902652e-08
712,6.344809477809576e-08,2.303786686752574e-06,6.344809477809576e-08
713,6.360698989738012e-08,2.3027619135973514e-06,6.360698989738012e-08
714,6.34304093694027e-08,2.308645207449445e-06,6.34304093694027e-08
715,6.359526594224008e-08,2.302708480783622e-06,6.359526594224008e-08
716,6.362401450132893e-08,2.301227368661785e-06,6.362401450132893e-08
717,6.362260052128477e-08,2.300776486663381e-06,6.362260052128477e-08
718,6.370488137008579e-08,2.30470800488547e-06,6.370488137008579e-08
719,6.389009143958901e-08,2.297464106959524e-06,6.389009143958901e-08
720,6.383824668887428e-08,2.2938343136047483e-06,6.383824668887428e-08
721,6.414608577642866e-08,2.2964609343034685e-06,6.414608577642866e-08
722,6.411830355546044e-08,2.293641273354297e-06,6.411830355546044e-08
723,6.414894926365378e-08,2.292646513524233e-06,6.414894926365378e-08
724,6.430740739915564e-08,2.2985327632341072e-06,6.430740739915564e-08
725,6.437242205947769e-08,2.2942140276427385e-06,6.437242205947769e-08
726,6.433394617033628e-08,2.2945700948184826e-06,6.433394617033628e-08
727,6.4328595783536e-08,2.2912627173354853e-06,6.4328595783536e-08
728,6.422715514986521e-08,2.297176479260088e-06,6.422715514986521e-08
729,6.574143185389403e-08,2.2972828901401954e-06,6.574143185389403e-08
730,6.577051792078237e-08,2.2966078176978044e-06,6.577051792078237e-08
731,6.480341951942137e-08,2.2962140064919367e-06,6.480341951942137e-08
732,6.487840664703981e-08,2.2948318019189173e-06,6.487840664703981e-08
733,6.47899227601556e-08,2.2939043446967844e-06,6.47899227601556e-08
734,6.486956394269328e-08,2.29841384680185e-06,6.486956394269328e-08
735,6.487006842803567e-08,2.2965673451835755e-06,6.487006842803567e-08
736,6.472436098192702e-08,2.293073521286715e-06,6.472436098192702e-08
737,6.47482281124212e-08,2.2936465029488318e-06,6.47482281124212e-08
738,6.482444092625883e-08,2.2956253360462142e-06,6.482444092625883e-08
739,6.494494186881639e-08,2.2959957277635112e-06,6.494494186881639e-08
740,6.506603256184462e-08,2.296028469572775e-06,6.506603256184462e-08
741,6.394527574116182e-08,2.2946655917621683e-06,6.394527574116182e-08
742,6.39848956041078e-08,2.2939593691262417e-06,6.39848956041078e-08
743,6.404761521139335e-08,2.2954129690333502e-06,6.404761521139335e-08
744,6.4050539094751e-08,2.2954459382162895e-06,6.4050539094751e-08
745,6.394727591896299e-08,2.2983526832831558e-06,6.394727591896299e-08
746,6.381204187277945e-08,2.2951658138481434e-06,6.381204187277945e-08
747,6.382677142369175e-08,2.2939818791201105e-06,6.382677142369175e-08
748,6.384108175438996e-08,2.290668135174201e-06,6.384108175438996e-08
749,6.385051420920718e-08,2.2937290395930177e-06,6.385051420920718e-08
750,6.391280038542391e-08,2.290683596584131e-06,6.391280038542391e-08
751,6.389769424686165e-08,2.289821850354201e-06,6.389769424686165e-08
752,6.401264585065292e-08,2.289584244863363e-06,6.401264585065292e-08
753,6.404632557632794e-08,2.288023324581445e-06,6.404632557632794e-08
754,6.417116082957364e-08,2.2896138034411706e-06,6.417116082957364e-08
755,6.420452791644493e-08,2.2874678506923374e-06,6.420452791644493e-08
756,6.485610626327798e-08,2.2900590010976885e-06,6.485610626327798e-08
757,6.478186520553209e-08,2.2919746243132977e-06,6.478186520553209e-08
758,6.474676439438554e-08,2.291478267579805e-06,6.474676439438554e-08
759,6.479539749193464e-08,2.2934946173336357e-06,6.479539749193464e-08
760,6.476627589790951e-08,2.2920371520740446e-06,6.476627589790951e-08
761,6.495086068980527e-08,2.2889803403813858e-06,6.495086068980527e-08
762,6.520329520753876e-08,2.2879003154230304e-06,6.520329520753876e-08
763,6.518007111822044e-08,2.288362338731531e-06,6.518007111822044e-08
764,6.517383255300047e-08,2.2884255486133043e-06,6.517383255300047e-08
765,6.530154195161231e-08,2.2865269784233533e-06,6.530154195161231e-08
766,6.52615916862942e-08,2.2862022888148203e-06,6.52615916862942e-08
767,6.53942500150606e-08,2.2903359422343783e-06,6.53942500150606e-08
768,6.302428801063797e-08,2.2866922790854005e-06,6.302428801063797e-08
769,6.303495680981541e-08,2.287617462570779e-06,6.303495680981541e-08
770,6.30017602532007e-08,2.289335952809779e-06,6.30017602532007e-08
771,6.304256316980172e-08,2.287701590830693e-06,6.304256316980172e-08
772,6.30876968443772e-08,2.287050165250548e-06,6.30876968443772e-08
773,6.306710531589488e-08,2.2868091491545783e-06,6.306710531589488e-08
774,6.575631061878084e-08,2.291394139319891e-06,6.575631061878084e-08
775,6.594295243189663e-08,2.287945790158119e-06,6.594295243189663e-08
776,5.4890001877083705e-08,2.286647941218689e-06,5.4890001877083705e-08
777,5.6218649291395195e-08,2.732750545119682e-06,5.6218649291395195e-08
778,5.6236721945879253e-08,2.7305397908733474e-06,5.6236721945879253e-08
779,5.614031550749132e-08,2.7287176182383453e-06,5.614031550749132e-08
780,5.612265141508033e-08,2.733952442368075e-06,5.612265141508033e-08
781,5.618252885142283e-08,2.7279800180352075e-06,5.618252885142283e-08
782,5.6184646268775396e-08,2.728577328680597e-06,5.6184646268775396e-08
783,5.6223058209070587e-08,2.7311129999091398e-06,5.6223058209070587e-08
784,5.627354582316002e-08,2.729683501611628e-06,5.627354582316002e-08
785,5.6245660573495115e-08,2.729030939163106e-06,5.6245660573495115e-08
786,5.642436207153878e-08,2.7304217839357923e-06,5.642436207153878e-08
787,5.628676547075884e-08,2.7303499338543523e-06,5.628676547075884e-08
788,5.6796263692149296e-08,2.7305707136932077e-06,5.6796263692149296e-08
789,5.687982707058836e-08,2.726343837066718e-06,5.687982707058836e-08
790,5.687716964075662e-08,2.731445647596313e-06,5.687716964075662e-08
791,5.672784197940928e-08,2.7262810819322956e-06,5.672784197940928e-08
792,5.691181925726596e-08,2.729470452477738e-06,5.691181925726596e-08
793,5.683736148398566e-08,2.7310420593224015e-06,5.683736148398566e-08
794,5.6953304294893314e-08,2.7290348045155886e-06,5.6953304294893314e-08
795,5.685071613470427e-08,2.732133452964529e-06,5.685071613470427e-08
796,5.698924709918174e-08,2.723846591989325e-06,5.698924709918174e-08
797,5.693918225802008e-08,2.7227938518720228e-06,5.693918225802008e-08
798,5.689517479368078e-08,2.7219086861535223e-06,5.689517479368078e-08
799,5.6978063156520875e-08,2.723219722766128e-06,5.6978063156520875e-08
800,5.69356259916276e-08,2.727239007226938e-06,5.69356259916276e-08
801,5.6951051874420955e-08,2.729973175674143e-06,5.6951051874420955e-08
802,5.684725223886744e-08,2.7262044570036713e-06,5.684725223886744e-08
803,5.656681878463132e-08,2.7258142837766107e-06,5.656681878463132e-08
804,5.673639336123415e-08,2.727443188787486e-06,5.673639336123415e-08
805,5.682042569787882e-08,2.7307855818165015e-06,5.682042569787882e-08
806,5.671452996125481e-08,2.7265682548843804e-06,5.671452996125481e-08
807,5.6737295750508565e-08,2.7266760300065405e-06,5.6737295750508565e-08
808,5.658545276787663e-08,2.730061396660215e-06,5.658545276787663e-08
809,5.6546085147601843e-08,2.728341996926513e-06,5.6546085147601843e-08
810,5.625438959100393e-08,2.725150580017992e-06,5.625438959100393e-08
811,5.6390348390777945e-08,2.7249886899610763e-06,5.6390348390777945e-08
812,5.640083955427144e-08,2.7221874462796157e-06,5.640083955427144e-08
813,5.644873724008903e-08,2.721266810267746e-06,5.644873724008903e-08
814,5.636098876493634e-08,2.7203307128459463e-06,5.636098876493634e-08
815,5.653003398720102e-08,2.721426881335258e-06,5.653003398720102e-08
816,5.653445356301745e-08,2.720680413558778e-06,5.653445356301745e-08
817,5.6545012228070846e-08,2.7239484553959235e-06,5.6545012228070846e-08
818,5.649609491342744e-08,2.7221581150754835e-06,5.649609491342744e-08
819,5.670532132739936e-08,2.7193448205892244e-06,5.670532132739936e-08
820,5.663639868203063e-08,2.72414672524091e-06,5.663639868203063e-08
821,5.660092128323413e-08,2.7254063754028655e-06,5.660092128323413e-08
822,5.668923108714807e-08,2.7267974475492272e-06,5.668923108714807e-08
823,5.660282198505229e-08,2.7234632399725277e-06,5.660282198505229e-08
824,5.6642992518618485e-08,2.7260002754431232e-06,5.6642992518618485e-08
825,5.636799826902461e-08,2.709287400803344e-06,5.636799826902461e-08
826,5.6494133815476744e-08,2.7096359646477984e-06,5.6494133815476744e-08
827,5.641983591431199e-08,2.7089593005896793e-06,5.641983591431199e-08
828,5.6523038693967464e-08,2.71309681936172e-06,5.6523038693967464e-08
829,5.627632759797052e-08,2.7095543374983143e-06,5.627632759797052e-08
830,5.645495448902693e-08,2.712801460957319e-06,5.645495448902693e-08
831,5.634631605744289e-08,2.7143159970094464e-06,5.634631605744289e-08
832,5.626478838394178e-08,2.7130990930984743e-06,5.626478838394178e-08
833,5.607709141486339e-08,2.7088069602271324e-06,5.607709141486339e-08
834,5.512260514706213e-08,2.7083658552967725e-06,5.512260514706213e-08
835,5.499092026184371e-08,2.711565685031285e-06,5.499092026184371e-08
836,5.506485933892691e-08,2.713628419014906e-06,5.506485933892691e-08
837,5.5066792015168176e-08,2.7110954762704685e-06,5.5066792015168176e-08
838,5.497381394548029e-08,2.712733248854686e-06,5.497381394548029e-08
839,5.5083646088860405e-08,2.711803063148448e-06,5.5083646088860405e-08
840,5.5026127654400625e-08,2.7098899410432685e-06,5.5026127654400625e-08
841,5.502496236431398e-08,2.708475904155687e-06,5.502496236431398e-08
842,5.522929313883651e-08,2.710907892988228e-06,5.522929313883651e-08
843,5.515133238986891e-08,2.711482466266073e-06,5.515133238986891e-08
844,5.5288307265755066e-08,2.711646175312392e-06,5.5288307265755066e-08
845,5.510004541520175e-08,2.713328285763321e-06,5.510004541520175e-08
846,5.5148987598840904e-08,2.7142641558114454e-06,5.5148987598840904e-08
847,5.5291803136015005e-08,2.7111525470630047e-06,5.5291803136015005e-08
848,5.523832413700802e-08,2.71614158024958e-06,5.523832413700802e-08
849,5.536547220685861e-08,2.715254595541676e-06,5.536547220685861e-08
850,5.535694924674317e-08,2.7131757180270986e-06,5.535694924674317e-08
851,5.5431634393698914e-08,2.7127853174263626e-06,5.5431634393698914e-08
852,5.5565152479175595e-08,2.714676839032375e-06,5.5565152479175595e-08
853,5.550640835849663e-08,2.7117418996297536e-06,5.550640835849663e-08
854,5.5570456680698044e-08,2.7136939026334338e-06,5.5570456680698044e-08
855,5.553034299055071e-08,2.7086325646180674e-06,5.553034299055071e-08
856,5.549919990244234e-08,2.7162454900192577e-06,5.549919990244234e-08
857,5.54893695436931e-08,2.7142586988432347e-06,5.54893695436931e-08
858,5.544535497392644e-08,2.7153259908757653e-06,5.544535497392644e-08
859,5.5495547712780535e-08,2.713511321572053e-06,5.5495547712780535e-08
860,5.5638455620510285e-08,2.711968818557846e-06,5.5638455620510285e-08
861,5.73690179805908e-08,2.7357996261073757e-06,5.73690179805908e-08
862,5.756662702083304e-08,2.7342694012716427e-06,5.756662702083304e-08
863,5.7319358148788524e-08,2.733565224998795e-06,5.7319358148788524e-08
864,5.727935104005155e-08,2.735461748825667e-06,5.727935104005155e-08
865,5.71705136565015e-08,2.735265297970084e-06,5.71705136565015e-08
866,5.801359392876293e-08,2.7172432057071026e-06,5.801359392876293e-08
867,5.8021250026740745e-08,2.718771156806081e-06,5.8021250026740745e-08
868,5.798877822371651e-08,2.7129131014319617e-06,5.798877822371651e-08
869,5.803527969305833e-08,2.717006509710966e-06,5.803527969305833e-08
870,5.808109548866014e-08,2.714507673017845e-06,5.808109548866014e-08
871,5.8027680438499374e-08,2.7157934711524766e-06,5.8027680438499374e-08
872,5.808287184549954e-08,2.7133835375664537e-06,5.808287184549954e-08
873,5.815681802801009e-08,2.7094743019645583e-06,5.815681802801009e-08
874,5.832250593584831e-08,2.7123173824023004e-06,5.832250593584831e-08
875,5.83786992081059e-08,2.7070432226267192e-06,5.83786992081059e-08
876,5.834523619796528e-08,2.7159596813092256e-06,5.834523619796528e-08
877,5.843592632004402e-08,2.709027285318637e-06,5.843592632004402e-08
878,5.842867167871191e-08,2.7116648199537783e-06,5.842867167871191e-08
879,5.845333106435646e-08,2.701922994829413e-06,5.845333106435646e-08
880,5.8368520683416136e-08,2.704317694379181e-06,5.8368520683416136e-08
881,5.8474881825532066e-08,2.701136964033406e-06,5.8474881825532066e-08
882,5.8536489433436145e-08,2.7038965983322603e-06,5.8536489433436145e-08
883,5.864383822995478e-08,2.7015066736296765e-06,5.864383822995478e-08
884,5.8654109125200193e-08,2.701590574515915e-06,5.8654109125200193e-08
885,5.8699775706827495e-08,2.7061091715679984e-06,5.8699775706827495e-08
886,5.8649487044704074e-08,2.7040987335297294e-06,5.8649487044704074e-08
887,5.8573810690631944e-08,2.707124167655177e-06,5.8573810690631944e-08
888,5.8672501523915344e-08,2.7031517221715083e-06,5.8672501523915344e-08
889,5.853354068108274e-08,2.7029177546594772e-06,5.853354068108274e-08
890,5.851710938031829e-08,2.702466645287398e-06,5.851710938031829e-08
891,5.883354248226169e-08,2.7007863538258724e-06,5.883354248226169e-08
892,5.877475928173226e-08,2.7029091144598104e-06,5.877475928173226e-08
893,5.87406319141337e-08,2.7044256968750167e-06,5.87406319141337e-08
894,5.8762864796335634e-08,2.7043265619525235e-06,5.8762864796335634e-08
895,5.8732176455578156e-08,2.704731514468488e-06,5.8732176455578156e-08
896,5.8787470891275007e-08,2.703521431767779e-06,5.8787470891275007e-08
897,5.805032188277437e-08,2.706743544122485e-06,5.805032188277437e-08
898,5.8045181106081145e-08,2.7079975099425545e-06,5.8045181106081145e-08
899,5.891482146580529e-08,2.680398893217255e-06,5.891482146580529e-08
900,5.896079358080897e-08,2.6799148146622363e-06,5.896079358080897e-08
901,5.9008932851156715e-08,2.6796046769689317e-06,5.9008932851156715e-08
902,6.023486065487305e-08,2.6796162730263793e-06,6.023486065487305e-08
903,6.021513598852835e-08,2.679031695306815e-06,6.021513598852835e-08
904,6.027102728012323e-08,2.6829502532294035e-06,6.027102728012323e-08
905,5.9147158282257806e-08,2.6814532249502852e-06,5.9147158282257806e-08
906,5.923710588717768e-08,2.682517106377684e-06,5.923710588717768e-08
907,5.918754197864473e-08,2.6801353671274162e-06,5.918754197864473e-08
908,5.9238320915255827e-08,2.6811974295654116e-06,5.9238320915255827e-08
909,5.939632785612048e-08,2.6770253499947037e-06,5.939632785612048e-08
910,5.931197222253104e-08,2.680415264121887e-06,5.931197222253104e-08
911,5.94502864714741e-08,2.6782543047104744e-06,5.94502864714741e-08
912,5.9097459370605065e-08,2.685755134889671e-06,5.9097459370605065e-08
913,5.9043706812644814e-08,2.681561909567147e-06,5.9043706812644814e-08
914,5.9004463537348784e-08,2.68060421164618e-06,5.9004463537348784e-08
915,5.874570518926703e-08,2.6822326619097046e-06,5.874570518926703e-08
916,5.8706525862817216e-08,2.679427325502086e-06,5.8706525862817216e-08
917,5.87434136889442e-08,2.6786633499525968e-06,5.87434136889442e-08
918,5.879901721073111e-08,2.679613089794923e-06,5.879901721073111e-08
919,5.862485252805527e-08,2.6766128941474497e-06,5.862485252805527e-08
920,5.875197928162379e-08,2.6807751966501135e-06,5.875197928162379e-08
921,5.882382936306385e-08,2.6816724131734125e-06,5.882382936306385e-08
922,5.886224485607272e-08,2.683534830948968e-06,5.886224485607272e-08
923,5.8767568589246366e-08,2.6825691749493606e-06,5.8767568589246366e-08
924,5.8834920935169066e-08,2.682413878729033e-06,5.8834920935169066e-08
925,5.8818962145323894e-08,2.6843861179898275e-06,5.8818962145323894e-08
926,5.8747072984033366e-08,2.684542323704857e-06,5.8747072984033366e-08
927,5.879195441593765e-08,2.6838690702518696e-06,5.879195441593765e-08
928,5.689712523349044e-08,2.6807938412915e-06,5.689712523349044e-08
929,5.697623350897629e-08,2.6858861021267265e-06,5.697623350897629e-08
930,5.7043990864258376e-08,2.6962202356756214e-06,5.7043990864258376e-08
931,5.7123404673120604e-08,2.6950681332621505e-06,5.7123404673120604e-08
932,5.72828291467431e-08,2.6947875541466536e-06,5.72828291467431e-08
933,5.7400271202823205e-08,2.696235469711876e-06,5.7400271202823205e-08
934,5.74702383460135e-08,2.6926215925143813e-06,5.74702383460135e-08
935,5.7406758458000695e-08,2.696852561867029e-06,5.7406758458000695e-08
936,5.744752229475125e-08,2.6957961837709197e-06,5.744752229475125e-08
937,5.742889186421962e-08,2.692547468696187e-06,5.742889186421962e-08
938,5.731868668590323e-08,2.69641441279445e-06,5.731868668590323e-08
939,5.723344997932145e-08,2.6922368762555314e-06,5.723344997932145e-08
940,5.7299068600968894e-08,2.694004024461076e-06,5.7299068600968894e-08
941,5.741113540125298e-08,2.6842276385380435e-06,5.741113540125298e-08
942,5.6474995346889045e-08,2.6843990782893277e-06,5.6474995346889045e-08
943,5.6452606145285245e-08,2.6846678339737016e-06,5.6452606145285245e-08
944,5.629744492807731e-08,2.6872562558949474e-06,5.629744492807731e-08
945,5.6387413849279255e-08,2.684424316767302e-06,5.6387413849279255e-08
946,5.631761013091818e-08,2.684480250691461e-06,5.631761013091818e-08
947,5.6507076351408614e-08,2.686310154031428e-06,5.6507076351408614e-08
948,5.6622909028192225e-08,2.685218987762976e-06,5.6622909028192225e-08
949,5.653617662915167e-08,2.683167622463127e-06,5.653617662915167e-08
950,5.653728862853313e-08,2.6859261198936045e-06,5.653728862853313e-08
951,5.655544654814548e-08,2.6873947264632923e-06,5.655544654814548e-08
952,5.674936431887545e-08,2.685733989137855e-06,5.674936431887545e-08
953,5.654053225612188e-08,2.688804215877365e-06,5.654053225612188e-08
954,5.649667045304341e-08,2.689881512351615e-06,5.649667045304341e-08
955,5.700467298197509e-08,2.686979542131933e-06,5.700467298197509e-08
956,5.6932751846261453e-08,2.6834320580476677e-06,5.6932751846261453e-08
957,5.6965120620589005e-08,2.689645043729154e-06,5.6965120620589005e-08
958,5.689305027090086e-08,2.684234459748307e-06,5.689305027090086e-08
959,5.69504408076682e-08,2.6886777961138185e-06,5.69504408076682e-08
960,5.694553451007778e-08,2.6881878058432383e-06,5.694553451007778e-08
961,5.6914799984042475e-08,2.687834239777924e-06,5.6914799984042475e-08
962,5.7033808786854934e-08,2.6877373785921853e-06,5.7033808786854934e-08
963,5.727443763703377e-08,2.63558922612928e-06,5.727443763703377e-08
964,5.722601059687804e-08,2.636989165848984e-06,5.722601059687804e-08
965,5.7264237796061934e-08,2.6390048334817882e-06,5.7264237796061934e-08
966,5.7476981396575866e-08,2.631245252059937e-06,5.7476981396575866e-08
967,5.743834918803259e-08,2.6303139294853216e-06,5.743834918803259e-08
968,5.723433815774115e-08,2.630144308723441e-06,5.723433815774115e-08
969,5.7275872933360006e-08,2.629922846763559e-06,5.7275872933360006e-08
970,5.7340862724686303e-08,2.6326315493591144e-06,5.7340862724686303e-08
971,5.707012462607963e-08,2.632947826141656e-06,5.707012462607963e-08
972,5.6969533090978075e-08,2.632187488570974e-06,5.6969533090978075e-08
973,5.785283008208353e-08,2.634931661459898e-06,5.785283008208353e-08
974,5.786699119880723e-08,2.6334555515589207e-06,5.786699119880723e-08
975,5.799561364483452e-08,2.6333805182460244e-06,5.799561364483452e-08
976,5.7837084455059085e-08,2.6318894016824677e-06,5.7837084455059085e-08
977,5.7825172206094066e-08,2.633209987989442e-06,5.7825172206094066e-08
978,5.7803173802994934e-08,2.6302641346503995e-06,5.7803173802994934e-08
979,5.783842382811599e-08,2.6319155496551437e-06,5.783842382811599e-08
980,5.788611190382653e-08,2.630973313144107e-06,5.788611190382653e-08
981,5.786257872841816e-08,2.633242275051355e-06,5.786257872841816e-08
982,5.783960688177103e-08,2.6306149722316084e-06,5.783960688177103e-08
983,5.769777899899964e-08,2.6307052395807594e-06,5.769777899899964e-08
984,5.767096666886573e-08,2.6331611026492217e-06,5.767096666886573e-08
985,5.763332922015252e-08,2.632213181796299e-06,5.763332922015252e-08
986,5.772089650690759e-08,2.632519908884472e-06,5.772089650690759e-08
987,5.799255831107075e-08,2.629027676603339e-06,5.799255831107075e-08
988,5.80376138259453e-08,2.6276459267776707e-06,5.80376138259453e-08
989,5.7971345057694634e-08,2.632284122383037e-06,5.7971345057694634e-08
990,5.803720171115856e-08,2.631331881430281e-06,5.803720171115856e-08
991,5.809117098465322e-08,2.6231432458828684e-06,5.809117098465322e-08
992,5.814640147150385e-08,2.62217963624634e-06,5.814640147150385e-08
993,5.813247838659663e-08,2.621302883353831e-06,5.813247838659663e-08
994,5.802518288078318e-08,2.624450189769316e-06,5.802518288078318e-08
995,5.8044854256422695e-08,2.623109139831552e-06,5.8044854256422695e-08
996,5.807365965893041e-08,2.62157686863274e-06,5.807365965893041e-08
997,5.817240023020531e-08,2.624028411601369e-06,5.817240023020531e-08
998,5.8153403870164766e-08,2.6221284771693652e-06,5.8153403870164766e-08
999,5.7988639667883035e-08,2.632835276017431e-06,5.7988639667883035e-08
1000,5.7900521710507746e-08,2.6334162157581886e-06,5.7900521710507746e-08
